name,email,password
池垣隼介,shun@test.com,shun
橘 勇,tachibanayuu@example.ne.jp,yamadaai
山田 愛,yamadaai@example.co.jp,kimuratakanori
木村 貴則,kimuratakanori@example.org,kobayashi_429
小林 哲也,kobayashi_429@example.org,matsushitamasaki
松下 正樹,matsushitamasaki@example.org,akimotoyuuya
秋本 裕也,akimotoyuuya@example.com,tarounishizawa
西澤 太郎,tarounishizawa@example.org,norikotakahashi
高橋 宜子,norikotakahashi@example.ne.jp,morita_akira
森田 昭,morita_akira@example.net,horie_531
堀江 博之,horie_531@example.jp,katano_1130
片野 哲明,katano_1130@example.net,hashimoto_yuusuke
橋本 裕介,hashimoto_yuusuke@example.com,taguchi_421
田口 有一,taguchi_421@example.co.jp,kawakubo_726
川久保 泉,kawakubo_726@example.com,inoue_1012
井上 大輔,inoue_1012@example.ne.jp,kikuchi_tatsu
